loss,accuracy
3.1678933125734328,0.08125
