accuracy,plane,car,bird,cat,deer,dog,frog,horse,ship,truck
0.154,0.04854368932038835,0.0,0.0,0.0,0.0,0.0,0.8660714285714286,0.0,0.0,0.47706422018348627
