loss,accuracy
3.5810163325071334,0.09375
