loss,accuracy
2.353286088705063,0.25576
1.712880146856308,0.39422
1.4814389958381653,0.47858
1.313339514389038,0.5448
1.1817108434963226,0.5952
1.0181210811138153,0.65138
0.8803065338039399,0.70034
0.79232512799263,0.73328
0.7117065305614472,0.76038
0.6246608124065399,0.79092
