loss,accuracy
2.7744381433725356,0.15875
