accuracy,plane,car,bird,cat,deer,dog,frog,horse,ship,truck
0.18,0.22330097087378642,0.39325842696629215,0.18,0.6213592233009708,0.1,0.0,0.16071428571428573,0.049019607843137254,0.009433962264150943,0.06422018348623854
