loss,accuracy
2.844771756529808,0.15125
