accuracy,plane,car,bird,cat,deer,dog,frog,horse,ship,truck
0.119,0.0,0.0,0.0,0.0,0.011111111111111112,0.0,0.0,0.0,0.1320754716981132,0.9541284403669725
