accuracy,plane,car,bird,cat,deer,dog,frog,horse,ship,truck
0.112,0.08737864077669903,0.0,0.0,0.0,0.0,0.0,0.0,0.0,0.9716981132075472,0.0
